Workbook

Sheet Raw Data
A1: Roll_No | B1: Student_Name | C1: Mathematics | D1: English | E1: Science | F1: Social_Studies | G1: Computer | H1: Hindi | I1: Total_Marks | J1: Percentage | K1: Tie Breaker
A2: 1 | B2: Aarav Kumar | C2: 85 | D2: 78 | E2: 82 | F2: 75 | G2: 88 | H2: 80 | I2: 488 | J2: =I2/600*100 -> 81.333333 | K2: =I2+(ROW()/100000) -> 488.00002
A3: 2 | B3: Ananya Singh | C3: 92 | D3: 85 | E3: 89 | F3: 88 | G3: 90 | H3: 87 | I3: 531 | J3: =I3/600*100 -> 88.5 | K3: =I3+(ROW()/100000) -> 531.00003
A4: 3 | B4: Arjun Patel | C4: 75 | D4: 72 | E4: 78 | F4: 70 | G4: 80 | H4: 76 | I4: 451 | J4: =I4/600*100 -> 75.166667 | K4: =I4+(ROW()/100000) -> 451.00004
A5: 4 | B5: Avni Sharma | C5: 88 | D5: 82 | E5: 85 | F5: 80 | G5: 86 | H5: 84 | I5: 505 | J5: =I5/600*100 -> 84.166667 | K5: =I5+(ROW()/100000) -> 505.00005
A6: 5 | B6: Bhabha Roy | C6: 78 | D6: 76 | E6: 80 | F6: 75 | G6: 82 | H6: 78 | I6: 469 | J6: =I6/600*100 -> 78.166667 | K6: =I6+(ROW()/100000) -> 469.00006
A7: 6 | B7: Bhavna Gupta | C7: 95 | D7: 90 | E7: 92 | F7: 88 | G7: 94 | H7: 91 | I7: 550 | J7: =I7/600*100 -> 91.666667 | K7: =I7+(ROW()/100000) -> 550.00007
A8: 7 | B8: Chirag Desai | C8: 72 | D8: 70 | E8: 75 | F8: 68 | G8: 76 | H8: 72 | I8: 433 | J8: =I8/600*100 -> 72.166667 | K8: =I8+(ROW()/100000) -> 433.00008
A9: 8 | B9: Chitra Iyer | C9: 86 | D9: 84 | E9: 88 | F9: 82 | G9: 87 | H9: 85 | I9: 512 | J9: =I9/600*100 -> 85.333333 | K9: =I9+(ROW()/100000) -> 512.00009
A10: 9 | B10: Deepak Singh | C10: 80 | D10: 78 | E10: 82 | F10: 76 | G10: 84 | H10: 80 | I10: 480 | J10: =I10/600*100 -> 80 | K10: =I10+(ROW()/100000) -> 480.0001
A11: 10 | B11: Dhanya Nair | C11: 91 | D11: 88 | E11: 90 | F11: 86 | G11: 92 | H11: 89 | I11: 536 | J11: =I11/600*100 -> 89.333333 | K11: =I11+(ROW()/100000) -> 536.00011
A12: 11 | B12: Ethan Kumar | C12: 76 | D12: 74 | E12: 78 | F12: 72 | G12: 80 | H12: 75 | I12: 455 | J12: =I12/600*100 -> 75.833333 | K12: =I12+(ROW()/100000) -> 455.00012
A13: 12 | B13: Esha Verma | C13: 89 | D13: 86 | E13: 88 | F13: 84 | G13: 90 | H13: 87 | I13: 524 | J13: =I13/600*100 -> 87.333333 | K13: =I13+(ROW()/100000) -> 524.00013
... A151: 150 | B151: Rankini Patel | C151: 94 | D151: 91 | E151: 93 | F151: 89 | G151: 95 | H151: 92 | I151: 554 | J151: =I151/600*100 -> 92.333333 | K151: =I151+(ROW()/100000) -> 554.00151

Sheet Subject_Analysis
A1: Subject | B1: Class Average | C1: Status | D1: Subject | E1: Class Average
A2: Maths | B2: =AVERAGE('Raw Data'!C2:C151) -> 84.04 | C2: Good | D2: Maths | E2: 84.04
A3: English | B3: =AVERAGE('Raw Data'!D3:D152) -> 81.731544 | C3: Good | D3: English | E3: 81.73
A4: Science | B4: =AVERAGE('Raw Data'!E4:E153) -> 85.040541 | C4: Strong | D4: Science | E4: 85.04
A5: Social Science | B5: =AVERAGE('Raw Data'!F5:F154) -> 79.952381 | C5: Needs Work based on average | D5: Social Science | E5: 79.95
A6: Computer | B6: =AVERAGE('Raw Data'!G6:G155) -> 86.828767 | C6: Strong | D6: Computer | E6: 86.82
A7: Hindi | B7: =AVERAGE('Raw Data'!H7:H156) -> 83.365517 | C7: Good | D7: Hindi | E7: 83.36

Sheet Grade_Distribution
A1: Score Range | B1: Count
A2: 90-100 | B2: =COUNTIFS('Raw Data'!$J$2:$J$151,">=90",'Raw Data'!$J$2:$J$151,"<=100") -> 18
A3: 80-89 | B3: =COUNTIFS('Raw Data'!$J$2:$J$151,">=80",'Raw Data'!$J$2:$J$151,"<90") -> 93
A4: 70-79 | B4: =COUNTIFS('Raw Data'!$J$2:$J$151,">=70",'Raw Data'!$J$2:$J$151,"<80") -> 39
A5: 60-69 | B5: =COUNTIFS('Raw Data'!$J$2:$J$151,">=60",'Raw Data'!$J$2:$J$151,"<70") -> 0
A6: below 60 | B6: =COUNTIFS('Raw Data'!$J$2:$J$151,"<60") -> 0
A8: Verify | B8: =SUM(B2:B6) -> 150

Sheet Dashboard
A1: STUDENT PERFORMANCE ANALYSIS - DASHBOARD
A2: KPI cards
A3: Total Students | B3: =COUNTA('Raw Data'!A:A)-1 -> 150
A4: Overall Average Score | B4: =ROUND(AVERAGE('Raw Data'!F2:F151),2) -> 79.91
A5: Pass Percentage | B5: =COUNTIF('Raw Data'!G2:G151,"<>F")/COUNTA('Raw Data'!G2:G151) -> 1
A6: Top Score | B6: =MAX('Raw Data'!F2:F151) -> 89
A9: Rank | B9: Roll No | C9: Student Name | D9: Total Marks
A10: 1 | B10: =INDEX('Raw Data'!$A:$A, MATCH(LARGE('Raw Data'!$K:$K,1), 'Raw Data'!$K:$K, 0)) -> 150 | C10: =INDEX('Raw Data'!$B:$B, MATCH(LARGE('Raw Data'!$K:$K,1), 'Raw Data'!$K:$K, 0)) -> Rankini Patel | D10: =INDEX('Raw Data'!$I:$I, MATCH(LARGE('Raw Data'!$K:$K,1), 'Raw Data'!$K:$K, 0)) -> 554
A11: 2 | B11: =INDEX('Raw Data'!$A:$A, MATCH(LARGE('Raw Data'!$K:$K,2), 'Raw Data'!$K:$K, 0)) -> 61 | C11: =INDEX('Raw Data'!$B:$B, MATCH(LARGE('Raw Data'!$K:$K,2), 'Raw Data'!$K:$K, 0)) -> Pankhuri Singh | D11: =INDEX('Raw Data'!$I:$I, MATCH(LARGE('Raw Data'!$K:$K,2), 'Raw Data'!$K:$K, 0)) -> 554
A12: 3 | B12: =INDEX('Raw Data'!$A:$A, MATCH(LARGE('Raw Data'!$K:$K,3), 'Raw Data'!$K:$K, 0)) -> 27 | C12: =INDEX('Raw Data'!$B:$B, MATCH(LARGE('Raw Data'!$K:$K,3), 'Raw Data'!$K:$K, 0)) -> Kavya Nair | D12: =INDEX('Raw Data'!$I:$I, MATCH(LARGE('Raw Data'!$K:$K,3), 'Raw Data'!$K:$K, 0)) -> 554
A13: 4 | B13: =INDEX('Raw Data'!$A:$A, MATCH(LARGE('Raw Data'!$K:$K,4), 'Raw Data'!$K:$K, 0)) -> 6 | C13: =INDEX('Raw Data'!$B:$B, MATCH(LARGE('Raw Data'!$K:$K,4), 'Raw Data'!$K:$K, 0)) -> Bhavna Gupta | D13: =INDEX('Raw Data'!$I:$I, MATCH(LARGE('Raw Data'!$K:$K,4), 'Raw Data'!$K:$K, 0)) -> 550
A14: 5 | B14: =INDEX('Raw Data'!$A:$A, MATCH(LARGE('Raw Data'!$K:$K,5), 'Raw Data'!$K:$K, 0)) -> 135 | C14: =INDEX('Raw Data'!$B:$B, MATCH(LARGE('Raw Data'!$K:$K,5), 'Raw Data'!$K:$K, 0)) -> Ranith Gupta | D14: =INDEX('Raw Data'!$I:$I, MATCH(LARGE('Raw Data'!$K:$K,5), 'Raw Data'!$K:$K, 0)) -> 548
A16: Rank | B16: Roll No | C16: Student Name | D16: Total Marks
A17: 1 | B17: =INDEX('Raw Data'!$A:$A, MATCH(SMALL('Raw Data'!$K:$K,1), 'Raw Data'!$K:$K, 0)) -> 7 | C17: =INDEX('Raw Data'!$B:$B, MATCH(SMALL('Raw Data'!$K:$K,1), 'Raw Data'!$K:$K, 0)) -> Chirag Desai | D17: =INDEX('Raw Data'!$I:$I, MATCH(SMALL('Raw Data'!$K:$K,1), 'Raw Data'!$K:$K, 0)) -> 433
A18: 2 | B18: =INDEX('Raw Data'!$A:$A, MATCH(SMALL('Raw Data'!$K:$K,2), 'Raw Data'!$K:$K, 0)) -> 21 | C18: =INDEX('Raw Data'!$B:$B, MATCH(SMALL('Raw Data'!$K:$K,2), 'Raw Data'!$K:$K, 0)) -> Jagat Singh | D18: =INDEX('Raw Data'!$I:$I, MATCH(SMALL('Raw Data'!$K:$K,2), 'Raw Data'!$K:$K, 0)) -> 443
A19: 3 | B19: =INDEX('Raw Data'!$A:$A, MATCH(SMALL('Raw Data'!$K:$K,3), 'Raw Data'!$K:$K, 0)) -> 26 | C19: =INDEX('Raw Data'!$B:$B, MATCH(SMALL('Raw Data'!$K:$K,3), 'Raw Data'!$K:$K, 0)) -> Kabir Ahmed | D19: =INDEX('Raw Data'!$I:$I, MATCH(SMALL('Raw Data'!$K:$K,3), 'Raw Data'!$K:$K, 0)) -> 450
A20: 4 | B20: =INDEX('Raw Data'!$A:$A, MATCH(SMALL('Raw Data'!$K:$K,4), 'Raw Data'!$K:$K, 0)) -> 41 | C20: =INDEX('Raw Data'!$B:$B, MATCH(SMALL('Raw Data'!$K:$K,4), 'Raw Data'!$K:$K, 0)) -> Megha Singh | D20: =INDEX('Raw Data'!$I:$I, MATCH(SMALL('Raw Data'!$K:$K,4), 'Raw Data'!$K:$K, 0)) -> 450
A21: 5 | B21: =INDEX('Raw Data'!$A:$A, MATCH(SMALL('Raw Data'!$K:$K,5), 'Raw Data'!$K:$K, 0)) -> 60 | C21: =INDEX('Raw Data'!$B:$B, MATCH(SMALL('Raw Data'!$K:$K,5), 'Raw Data'!$K:$K, 0)) -> Pankaj Patel | D21: =INDEX('Raw Data'!$I:$I, MATCH(SMALL('Raw Data'!$K:$K,5), 'Raw Data'!$K:$K, 0)) -> 450
